2025-07-22T14:13:58.567936,fear
2025-07-23T09:55:40.965329,fear
2025-07-23T10:58:20.468423,fear
2025-07-23T11:08:35.190563,fear
2025-07-23T11:27:51.145289,joy
2025-07-23T11:37:57.744131,neutral
2025-07-23T11:46:28.991136,neutral
2025-07-23T12:08:37.111089,joy
2025-07-23T12:18:32.268726,surprise
2025-07-23T13:29:56.247317,joy
2025-07-23T13:49:43.816190,joy
2025-07-24T10:14:59.986514,sadness
2025-07-24T10:20:38.711426,surprise
2025-07-24T10:22:56.406908,joy
2025-07-24T13:39:04.398922,sadness
2025-07-24T13:47:29.916854,joy
2025-07-24T14:41:28.244146,joy
2025-07-24T14:45:33.532509,joy
2025-07-24T14:51:55.805116,joy
2025-07-29T10:48:58.987212,surprise
2025-07-29T15:41:26.066198,happy
2025-07-29T15:46:33.784412,fear
2025-07-29T15:49:12.139311,happy
2025-07-29T15:54:00.966797,fear
2025-07-29T15:59:20.597847,fear
2025-07-29T16:25:19.765472,neutral
2025-07-31T13:14:01.129840,sadness
2025-07-31T13:16:48.656054,sadness
2025-07-31T13:53:09.275285,sadness
2025-07-31T14:07:33.550974,sadness
2025-07-31T14:46:59.036833,sadness
2025-08-13T12:55:41.148642,joy
2025-08-13T13:00:00.002106,joy
2025-08-13T13:04:50.287849,joy
2025-10-29T17:29:34.150673,neutral
2025-10-29T17:41:35.855702,neutral
2025-10-29T17:46:58.004938,neutral
2025-10-29T17:51:56.312321,neutral
